CustomerID,First_Name,Last_Name,EmailID,Locality,Address,Age,Rating,Phone_number
C1,Darren,Adams,sarabarker@yahoo.com,Ghaziabad,"Flat 0
Georgina throughway
Lake Hollieview
FK0H 7AB",18,2.86,+91-732-882-7195
C10,Dean,Cook-Turner,callen@yahoo.com,Saket,"Studio 2
Joseph gardens
Port Davidland
M8 7BA",44,3.11,
C100,Jake,Davidson,curtisjane@yahoo.com,Defence Colony,"Flat 9
Lloyd landing
Port Dianamouth
HP67 9RN",57,2.83,+91-546-526-5523
C101,Jade,Cooper,kathrynmurphy@hotmail.com,Bombay,"55 Naomi ridge
North Jill
BD41 6PL",22,3.23,+91-065-520-5077
C102,Sally,Cooper,zrussell@gmail.com,Kalkaji,"Studio 11
Martyn knolls
Sianland
M4B 5FF",36,4.75,+91-386-461-9993
C103,Iain,Edwards,francisstokes@gmail.com,Model Town,"Flat 83G
Jenna mountain
Taylorfort
W5S 1JH",57,2.14,+91-105-230-0103
C104,Leah,Harvey,simsdonald@gmail.com,Okhla,"Flat 01
Scott views
Keithview
SM5V 7YY",44,4.17,+91-203-943-4448
C105,Vanessa,Wood,ronald29@gmail.com,Chattarpur,"Studio 42j
Samantha turnpike
Lake Nicholastown
G8 3WT",22,2.05,+91-293-404-9498
C106,Gerald,Marsh,eparsons@yahoo.com,Chattarpur,"Flat 4
Baxter trail
West Danny
IG17 5NY",57,4.23,+91-123-798-9671
C107,Mohammed,Bryant,mwatts@hotmail.com,Pragati Maidan,"5 Dyer shoals
Gilbertbury
L84 9GD",18,2.59,+91-246-173-1564
C108,Chelsea,Phillips-Marshall,charltonsophie@yahoo.com,Ghaziabad,"75 Wong mills
Port Carolinemouth
SA0 7GU",21,2.16,+91-663-077-0450
C109,Duncan,Howard,laneandrea@hotmail.com,Okhla,"Studio 7
Gemma lodge
Knighthaven
HR0 0DW",39,3.32,+91-897-506-4563
C11,Timothy,Robinson,melissagray@yahoo.com,Lajpat Nagar,"362 Chapman greens
Jonesbury
B8 7ZW",49,1.82,+91-050-308-1663
C110,Ricky,Hill-Fox,brownhugh@gmail.com,Haus Khas,"9 White avenue
East Terencemouth
G7 4XU",37,1.51,+91-967-504-3059
C111,Marc,Hughes,hayley56@hotmail.com,Greater Kailash,"Studio 45
Elaine harbor
East Christianmouth
ZE5Y 5DJ",36,4.41,+91-619-980-1454
C112,Darren,Hopkins,kayleighjones@gmail.com,Ghaziabad,"Flat 2
Geraldine loaf
Deanside
LU5 6AF",34,4.23,+91-655-275-8757
C113,John,Thomas,lowejodie@gmail.com,Gurugram,"443 Singh turnpike
West Lynnefort
L8 9ZY",27,4.28,+91-188-368-9708
C114,Caroline,Brown,jameswatkins@yahoo.com,Lajpat Nagar,"6 Mohammed ferry
Barrymouth
L6 9HG",57,1.25,+91-628-493-8842
C115,Wayne,Begum,mohamed00@gmail.com,Bombay,"Studio 37J
Cox gateway
Chapmanview
PH7A 1GZ",49,2.17,+91-312-644-0358
C116,June,Roberts,ledwards@yahoo.com,Ghaziabad,"Flat 77
Jamie rest
Scottview
E60 7RQ",45,2.20,+91-534-381-8936
C117,Victor,Brown,elliotthope@hotmail.com,Cyber Park,"Studio 55v
Fiona isle
East Barryland
B5J 2XY",59,3.39,+91-987-821-2842
C118,Jacqueline,Bailey,ashleighbrown@hotmail.com,DLF Phase 5,"57 Wood underpass
Lukeview
W8 3QG",54,4.46,+91-548-949-6769
C119,Louis,Roberts,kjohnson@yahoo.com,Kalkaji,"Studio 84O
Lane branch
North Aaronburgh
N62 7TB",22,3.93,+91-566-729-7516
C12,Leonard,Jones,tthompson@yahoo.com,Okhla,"Studio 8
Jenna plains
New Jasonhaven
M2T 8RR",50,3.13,+91-024-505-4411
C120,Clive,Simpson,maycarly@hotmail.com,Manesar,"15 Harris street
East Shauntown
W98 4DR",32,4.62,+91-077-890-4521
C121,Elaine,Patel-Johnson,williamsandrew@yahoo.com,Connaught Place,"Flat 3
Robinson brook
Mitchellmouth
SM58 3YP",41,2.34,+91-284-839-9931
C122,Andrea,Thomas,tom96@gmail.com,Udyog Vihar,"1 Farrell mews
West Lisaland
B4S 0DG",29,4.87,+91-768-129-4331
C123,Sophie,Walker,walkerdorothy@hotmail.com,Greater Kailash,"303 Owen freeway
Port Neil
ML1 6PA",46,4.24,+91-758-151-1912
C124,Caroline,Carey,ahmednicola@gmail.com,Kalkaji,"Studio 2
Jenkins shoals
New Dianeland
HP4 4ZB",30,2.59,+91-558-658-0682
C125,Marcus,Greenwood-Hicks,hallglen@hotmail.com,Ghaziabad,"Studio 75
Katie mountain
Colinborough
GY0 3HF",48,1.73,+91-795-445-1520
C126,Benjamin,Smith,nelsonben@hotmail.com,Vasant Kunj,"Studio 84A
Toby creek
East Lindsey
SL72 8YH",21,3.80,+91-957-813-3641
C127,Gemma,Fletcher,pricethomas@gmail.com,Udyog Vihar,"5 Lynne prairie
Rosieside
EX7P 9XB",59,2.71,+91-579-502-6374
C128,Kerry,Rowley,delliott@gmail.com,Manesar,"Studio 40q
Maurice mill
Glenland
DN6 9JT",54,4.08,+91-295-761-2278
C129,Joseph,Mistry-Bates,aroberts@yahoo.com,Udyog Vihar,"47 Francis court
Davisonville
W5D 9BP",50,3.18,+91-247-474-1090
C13,Rosie,Graham,mlowe@hotmail.com,Ghaziabad,"Flat 20
Smith union
Pearcemouth
W97 4TW",19,4.35,+91-050-965-6196
C130,Shirley,Holland-Bennett,zdavies@hotmail.com,Lajpat Nagar,"Flat 84
Norman bypass
Sandrachester
PA48 0XT",54,1.25,+91-659-708-2946
C131,Jonathan,Chambers-Stephens,dawn63@gmail.com,Dwarka,"215 Harrison pine
East Gerard
M57 9GQ",36,1.73,+91-756-618-8156
C132,Emma,King,victor78@yahoo.com,Pragati Maidan,"7 Godfrey mill
Ruthside
DA4 1YW",25,2.18,+91-386-689-1984
C133,Arthur,Williams,carolebuckley@gmail.com,Vasant Kunj,"54 Gareth views
Port Beverley
BS4N 8XN",32,1.81,+91-596-513-6945
C134,Samantha,Ellis,declanjones@hotmail.com,Ghaziabad,"583 Davies plaza
Port Lucyshire
E40 9JF",35,4.18,+91-691-408-9753
C135,June,Wall,kimberleyallen@yahoo.com,Rohini,"Flat 5
Callum bypass
West Jasmineport
KY0 4ND",54,1.60,+91-741-192-9203
C136,Vincent,Baker,doylekate@hotmail.com,Connaught Place,"Flat 0
Thomas cliff
North Yvonnemouth
M97 1YU",34,3.67,+91-696-888-2009
C137,Dawn,Riley,ucarter@gmail.com,Sarojini Nagar,"Flat 12
Begum pines
Karenton
WN9 7AS",20,1.85,+91-316-952-6755
C138,Cheryl,Whittaker,nichollsanna@gmail.com,Okhla,"91 Marilyn wells
Hardingmouth
W91 2UY",25,1.95,+91-968-360-2216
C139,Damian,Harris,max92@yahoo.com,Model Town,"919 Jeremy meadow
Lake Derek
E72 5AS",25,1.43,+91-838-389-9962
C14,Dorothy,Bryan,leonobrien@gmail.com,Chattarpur,"778 Kelly ridge
South Melissahaven
M45 3GP",30,2.73,+91-245-719-8854
C140,Robert,Coates,vwalton@gmail.com,Saket,"7 Raymond plaza
New Bethanymouth
S6H 5RE",24,3.92,+91-525-769-4299
C141,Lewis,Francis,charlesthomas@hotmail.com,Harkesh Nagar,"490 Russell plains
Lake Clairestad
BD0 5EW",49,2.91,+91-626-584-5567
C142,Adrian,Noble,ashley05@hotmail.com,Harkesh Nagar,"Studio 1
Rose course
Hallfurt
N2 4UY",48,1.62,+91-109-819-2882
C143,Ian,Clarke-Richardson,leenatalie@hotmail.com,Kalkaji,"Studio 14
Burns fields
West Marcus
WS0 1DY",19,2.48,+91-062-294-4230
C144,Diana,Burrows-Brown,zevans@hotmail.com,Ghaziabad,"Studio 51I
Lynda square
North Lucyfurt
E1K 3RF",51,3.13,+91-214-444-3331
C145,Lee,Jones,stanleyjones@yahoo.com,Haus Khas,"Studio 35R
Terry stravenue
Dawntown
FY7 3NS",49,1.07,+91-043-924-3370
C146,Judith,Randall-Howard,gibsonhannah@hotmail.com,Pragati Maidan,"Studio 1
Hart view
Lake Grace
TF7Y 8WL",27,1.46,+91-209-287-0977
C147,Marilyn,Akhtar,xmann@gmail.com,Udyog Vihar,"29 Miles knolls
Benview
L0A 7YH",56,3.97,+91-160-834-7197
C148,Keith,Jennings,kauredward@hotmail.com,DLF Phase 5,"69 Ashleigh spurs
Brienfort
N0 6RZ",51,3.91,+91-545-560-4646
C149,Shane,Haynes,rsims@yahoo.com,Vasant Vihar,"Studio 7
Holt isle
Suzanneview
B5C 6GG",27,3.15,+91-816-390-8537
C15,Hayley,Smith,joshjames@gmail.com,Model Town,"Flat 84S
Williams summit
Craigside
SG2Y 3GG",59,3.34,+91-837-400-7854
C150,Jake,Sutton,pshort@hotmail.com,Cyber Park,"042 Williams groves
New Georginamouth
E56 7LQ",30,4.95,+91-160-773-6842
C151,Denise,Francis,awebb@hotmail.com,Ghaziabad,"Studio 7
Webb cape
New Steven
N55 9UG",39,2.15,+91-394-018-1859
C152,Beverley,Austin,vodonnell@gmail.com,Defence Colony,"8 Sheppard port
Lake Lewis
WA35 3GZ",60,3.97,+91-629-862-6269
C153,Sheila,Khan-Hunt,ejohnson@yahoo.com,Haus Khas,"Flat 3
Gregory mill
West Henry
G97 1UF",55,2.35,+91-947-173-6654
C154,Justin,Clarke,timothysmith@gmail.com,Harkesh Nagar,"02 Lesley turnpike
Mariastad
LL91 3HQ",25,3.74,+91-759-151-7421
C155,Maureen,Johnson,jakeball@gmail.com,Pragati Maidan,"Flat 05N
Keith square
Marcmouth
CM3 6UF",45,2.84,+91-921-484-7268
C156,Samantha,Wilson,websterdarren@yahoo.com,Haus Khas,"Studio 0
Martin ramp
South Catherineshire
DD8 3YF",36,1.84,+91-801-760-6249
C157,Hugh,Morgan,mobrien@gmail.com,Connaught Place,"301 Howard street
Mariehaven
KA4N 9BW",44,1.00,+91-440-490-6960
C158,Peter,Thompson,stevensbrett@gmail.com,Chattarpur,"74 West plaza
Lake Deborahport
B5 4DP",22,3.30,+91-869-007-6855
C159,Graeme,Roberts-Turner,bethanmoore@gmail.com,Manesar,"815 Hilton burg
Kimberleymouth
L91 1HD",54,1.91,+91-490-601-1255
C16,Marcus,Morton,qedwards@yahoo.com,Haus Khas,"Studio 02O
Laura prairie
Leahton
YO9R 1AT",53,2.99,+91-335-260-8636
C160,Terence,Dawson,ywilliams@hotmail.com,Defence Colony,"628 Malcolm coves
Port Deanburgh
B7 4GD",49,2.72,+91-313-037-5957
C161,Ashley,Wood,pcarter@gmail.com,Defence Colony,"Flat 52G
Kathryn road
Jayview
BS9P 8SQ",51,4.84,+91-132-765-2783
C162,Lucy,Schofield,angelawalsh@hotmail.com,Haus Khas,"95 Iain circle
Dyerport
E90 5LY",34,4.61,+91-395-903-2935
C163,Jacob,Peters-Payne,ebaker@yahoo.com,Saket,"Studio 9
Thomas canyon
South Nataliehaven
WS03 7AQ",54,1.48,+91-050-873-6370
C164,Luke,Hall,stanleycharles@gmail.com,Model Town,"Studio 58
Elizabeth bridge
Hazelchester
M7A 1RF",54,4.85,+91-844-570-2171
C165,Nicole,Smith,vfox@gmail.com,Saket,"47 Walsh shoal
Millsview
DG50 5UZ",50,4.48,+91-511-053-1371
C166,Anthony,Morris,joshuajohnson@yahoo.com,Greater Kailash,"Flat 67
Lee expressway
Port Francisside
N2W 0HU",23,2.30,+91-469-477-7687
C167,Benjamin,Turner,eileen58@yahoo.com,Lajpat Nagar,"6 Francesca streets
East Rosemary
N0A 4LT",39,1.65,+91-922-341-8800
C168,Abigail,Parsons,stephen20@yahoo.com,Harkesh Nagar,"Studio 05
Jones springs
North Bethborough
RH9V 0SD",39,1.13,+91-485-687-7714
C169,Lynda,Butler,wardgary@gmail.com,Defence Colony,"63 Taylor crescent
Waynetown
PL3 7RL",24,3.60,+91-294-773-6693
C17,Ronald,Webb,kevin56@yahoo.com,Harkesh Nagar,"24 Thomas courts
Claremouth
B63 6ZW",60,3.47,+91-542-938-4586
C170,Georgina,Robinson,makhtar@yahoo.com,Rohini,"183 Teresa shoal
Griffithsview
L00 1ZU",44,2.14,+91-269-111-8211
C171,Justin,Matthews,lewis83@hotmail.com,Kalkaji,"Flat 51
Collins port
Whittakerburgh
G0 1RP",39,4.99,+91-108-295-6056
C172,Adam,Booth,stanley14@yahoo.com,Cyber Park,"Studio 0
Parker rest
North Mariamouth
ML4V 8NB",53,4.80,+91-221-123-1550
C173,Norman,Lawson-Ali,daleingram@yahoo.com,Ghaziabad,"Studio 13x
May hollow
New Kellyborough
HG5 7YF",19,4.27,+91-314-027-3908
C174,Tom,Rose,ushaw@yahoo.com,Vasant Kunj,"Flat 81
Smith estate
Rogersburgh
ZE5P 6GD",53,1.09,+91-281-756-2426
C175,Katy,Jackson,ruthmistry@gmail.com,Rohini,"Flat 36e
Gerard lakes
New Scott
BD69 7FL",58,3.52,+91-653-559-0599
C176,Valerie,Day,daviscarole@gmail.com,Bombay,"644 Karl rapid
Sharonburgh
BS6 7YP",33,1.64,+91-524-021-8273
C177,Jeffrey,Jones,stephennicholson@hotmail.com,Vasant Vihar,"Studio 9
Ellie rest
Lyonsstad
S49 6UW",36,5.00,+91-978-834-9987
C178,Rachael,Harrison,taylorgeorge@yahoo.com,Gurugram,"Studio 6
Potter circles
West Carly
WS53 3RA",28,3.37,+91-554-357-5942
C179,Jeremy,Hughes-Connolly,michelleyoung@gmail.com,Saket,"Studio 26
Patrick branch
Woodwardburgh
S06 0AH",58,2.07,+91-698-895-4488
C18,Ruth,Nelson,kyleturner@gmail.com,Ghaziabad,"Flat 04P
Scott pass
North Jamie
G91 1DB",34,1.57,+91-327-271-6186
C180,Damian,Watson,cookadam@yahoo.com,Ghaziabad,"Flat 75m
Katie manors
Robertsview
ML11 7HF",23,1.79,+91-106-849-2929
C181,Denise,Clark,leonardwyatt@gmail.com,Greater Kailash,"913 Shaun river
Karenport
E4U 7HZ",30,3.81,+91-103-068-0249
C182,Nicholas,Robinson,evansjayne@gmail.com,Harkesh Nagar,"738 Emily gardens
East Lee
B8H 3XQ",27,2.83,+91-017-898-8429
C183,Margaret,Ward,lanedaniel@yahoo.com,Lajpat Nagar,"01 Kirby drive
Daviesport
N7H 9JA",30,3.58,+91-199-721-2780
C184,Yvonne,Miah,michael12@yahoo.com,Cyber Park,"Flat 64
Rogers village
West Liambury
G1D 4EG",34,2.26,+91-455-361-0336
C185,Jane,Steele,jillshaw@gmail.com,DLF Phase 5,"9 Adam ford
New Jennifer
IV46 3UG",41,1.56,+91-316-250-7193
C186,Kevin,Smith,ballfrederick@gmail.com,Manesar,"3 Brett highway
Anthonyshire
L9 2ST",58,3.07,+91-341-482-4972
C187,Tracey,Fuller,macdonaldryan@yahoo.com,Haus Khas,"5 Maureen valley
Port Gerald
L8 6XG",45,2.65,+91-251-279-9653
C188,Zoe,Patel,matthewsglen@gmail.com,Manesar,"Flat 8
Lynne mountains
Gillianland
G3 2HZ",44,3.83,+91-742-823-2171
C189,Denis,Jackson,mharris@gmail.com,Saket,"65 Anderson prairie
Wardside
M90 2FF",18,1.32,+91-136-101-3171
C19,Ian,Francis,ellie67@hotmail.com,Ghaziabad,"Studio 65a
Gerald garden
Williamsfurt
DN29 7XL",43,4.70,+91-262-903-2640
C190,Carole,Barker,tom12@yahoo.com,Lajpat Nagar,"8 Beth plains
Lake Christianfort
S1 6HL",22,4.13,+91-451-219-6415
C191,Jay,Marshall,jane52@hotmail.com,Greater Kailash,"Flat 5
Cooper harbor
Marsdenburgh
N3 4DN",54,3.69,+91-407-952-9940
C192,Pauline,Morgan,lucy24@gmail.com,Defence Colony,"769 Declan trafficway
Brucefurt
HR6 4PH",18,4.79,+91-475-688-9653
C193,Liam,Hodgson,coxkarl@gmail.com,Saket,"2 Baxter center
West Carolynside
M0 3GW",42,4.32,+91-799-261-4458
C194,Mathew,Richards,qbruce@hotmail.com,Rohini,"6 Diana row
Carlborough
SR3A 2ZJ",21,2.07,+91-553-915-2592
C195,Philip,Ball,whiteconor@hotmail.com,Model Town,"41 Robert ridges
Elainemouth
E67 8RW",21,1.33,+91-734-999-6657
C196,Malcolm,Nicholls,nelsoncolin@yahoo.com,Rohini,"290 Margaret isle
Dianestad
L9C 1HH",53,3.48,+91-033-425-7415
C197,Jeffrey,Bentley-Collins,woodanthony@yahoo.com,Harkesh Nagar,"Flat 87d
Robertson mills
Kayleighmouth
W95 7QE",51,2.85,+91-639-728-3231
C198,Keith,Davies-Murphy,whayes@hotmail.com,Chattarpur,"Studio 97
Morris place
East Normanborough
PR1R 6UR",51,2.04,+91-405-494-3487
C199,Caroline,Hill,rstewart@yahoo.com,Haus Khas,"0 Tracey shoal
Bakerview
N3G 0QA",58,4.86,+91-552-348-4675
C2,Denis,Jones,rsmith@hotmail.com,Haus Khas,"6 Burton well
South Margaret
BH0 3FF",27,2.40,+91-535-157-4435
C20,Dale,Ford,shannon84@yahoo.com,Rohini,"Flat 69
Glenn plaza
Jonesborough
SP4 5BN",22,1.09,+91-508-662-6725
C200,Kieran,Lamb,shepherdjacqueline@hotmail.com,Haus Khas,"6 Adam flats
Carolburgh
CA2 1HH",21,1.89,+91-338-429-9740
C201,Soumyadeep,Paul,soumyadeepsp@gmail.com,Raurkela,"C-92 , Sector - 04",21,,7042006372
C202,ar,un,asd@gmail.com,sd,asd,21,,99982
C203,rakshit,singh,rakshit23@email.com,Delhi,Delhi,20,,9899109555
C204,,,,,,0,,
C205,pp,st,asddda@gmail.com,sada,asdas,23,,989
C206,asmi,ca,asmiss@gmail.com,asdasad,asdasda,23,,898989
C207,aneesha,asda,sasdas@gmil.com,asdsa,asdads,23,,2432424
C208,henry,ford,henry@gmail.com,Delhi,Delhi,40,,999999968
C21,Dale,Johnson,storeybrandon@hotmail.com,Ghaziabad,"Studio 5
Denis turnpike
Teresaside
CF4 5LS",30,2.27,+91-901-131-7515
C22,Charlotte,Briggs,cameron13@yahoo.com,Saket,"Flat 62
Quinn views
Clivemouth
NN0 4FP",48,3.02,+91-900-804-8130
C23,Grace,Davies,kennethparkinson@gmail.com,Saket,"93 Baker skyway
West Robin
E8 6YX",48,3.04,
C24,Jonathan,Gordon,mandy38@gmail.com,Model Town,"4 Deborah run
Carlberg
ST2 6XJ",50,2.85,+91-220-272-3265
C25,Hugh,Walker,xfuller@yahoo.com,Dwarka,"Flat 4
Wood light
West Declanview
GU0X 8TT",24,2.04,
C26,Edward,Pickering,jacob65@hotmail.com,Lajpat Nagar,"006 Hayley squares
Iainview
B5K 3XB",40,3.24,+91-047-359-4879
C27,Malcolm,Alexander,hugh24@gmail.com,Vasant Kunj,"88 Helen tunnel
New Lisaberg
KT2 1RT",51,3.20,+91-765-284-2771
C28,Dorothy,Bennett,greensophie@yahoo.com,Defence Colony,"3 Jacob passage
South William
DD95 6WB",42,4.46,
C29,Jennifer,Bird-Atkinson,lesley55@gmail.com,Ghaziabad,"370 Davies flats
Port Jadeborough
N7 7WS",54,1.05,+91-763-504-2759
C3,Joanne,Harper,barrybradley@yahoo.com,Vasant Kunj,"0 Dawn meadows
Wilsonfurt
LE0N 4DZ",45,2.68,+91-518-199-0199
C30,Stuart,White,oedwards@yahoo.com,Vasant Kunj,"72 Reynolds shoals
Annetteland
S3 6XW",43,3.13,+91-758-275-0208
C31,Geraldine,Cooper,ywhitehouse@yahoo.com,Haus Khas,"6 Collins point
Lake Jean
B0D 0LL",39,4.44,+91-375-277-8115
C32,Jeremy,Moore,abduldavis@yahoo.com,Cyber Park,"4 Reynolds forge
North Timothy
M1 9UY",43,2.18,+91-309-467-2127
C33,Damien,White,wilsonjenna@gmail.com,Ghaziabad,"002 Joshua port
Port Garry
HR55 0TP",52,3.52,+91-913-374-4958
C34,Abbie,Parker,uthomas@gmail.com,Chattarpur,"Flat 42
Jessica fort
South Kathleen
SN84 9SQ",26,4.49,+91-753-753-0947
C35,Jennifer,Jones,allenmelanie@hotmail.com,Ghaziabad,"93 Nathan path
East Joyce
CO3 1XE",31,1.28,+91-678-604-2362
C36,Nicola,Williams-Green,geraldinemorton@hotmail.com,Gurugram,"05 James spring
Port Elizabeth
S0 3TH",36,2.17,+91-635-302-6590
C37,Mandy,Davies,maryday@gmail.com,Rohini,"Studio 16
Matthew causeway
North Valeriechester
SE8 0XF",48,2.61,+91-238-335-1055
C38,Kerry,Thomas-Richards,kathrynadams@yahoo.com,Okhla,"22 Holt crossing
Vincentside
B39 8AH",42,1.30,+91-544-963-9976
C39,Clive,Lewis,hannahpayne@hotmail.com,Okhla,"5 Gardner haven
North Helenfort
RH64 2XZ",31,4.60,+91-397-110-4385
C4,Dorothy,Ellis,kbegum@gmail.com,Okhla,"Studio 9
Russell junction
Parkerport
KW5Y 9RL",26,4.12,+91-780-735-4860
C40,Georgina,Smith,tsmith@hotmail.com,Bombay,"09 Francesca passage
Lake Petermouth
B97 4SD",20,4.24,+91-060-275-1756
C41,Gordon,Daniels,dgregory@hotmail.com,Harkesh Nagar,"80 Fowler track
Freemanfurt
KW9Y 4NF",18,1.57,+91-329-352-8891
C42,Dylan,Powell,kbull@gmail.com,Gurugram,"Studio 2
Peter field
Nichollstown
ZE28 1EY",54,4.73,+91-349-657-1981
C43,Louise,Wilson,snewman@yahoo.com,Saket,"305 Clark landing
Caroltown
RH9B 8NR",40,4.92,
C44,Julie,Phillips,sally59@hotmail.com,Bombay,"10 Holmes harbor
Hobbsport
OX47 3YL",54,1.45,+91-452-404-3098
C45,Bradley,Vaughan,wmorton@hotmail.com,Gurugram,"699 Ross pike
Edwardtown
NN1M 1XD",53,1.27,+91-771-451-6468
C46,Natasha,Adams,kevinoneill@hotmail.com,DLF Phase 5,"Flat 4
Hannah lakes
Damianshire
PE6N 6ZW",53,4.74,
C47,Victor,Davey-Porter,collinsashleigh@yahoo.com,Ghaziabad,"5 Jason knoll
East Geraldton
WS6E 6PS",22,4.88,
C48,Barbara,Barry-Haynes,sallyhardy@yahoo.com,Lajpat Nagar,"Flat 39
Pearson shore
Annettefort
L3 7ZF",39,1.45,+91-131-180-3306
C49,Angela,Randall,gregory54@yahoo.com,Ghaziabad,"Studio 27
Ali port
Harrisstad
WF5W 9JA",31,2.44,+91-962-610-2924
C5,Olivia,Ward,uharris@gmail.com,Vasant Kunj,"Flat 42L
Walton pike
Lake Janice
KW4 9SQ",25,4.71,+91-302-313-7213
C50,Roger,Farmer-Taylor,nashirene@gmail.com,Haus Khas,"Studio 1
McDonald mountains
West Andreabury
IV91 5WY",23,4.36,+91-102-422-8459
C51,Jordan,Taylor,sarahhunter@yahoo.com,Chattarpur,"Flat 9
Williams hollow
Daviesport
KY1E 0RF",59,3.63,
C52,Shane,Reid,sophie09@hotmail.com,Dwarka,"52 Cooke fall
East Hugh
SO6 4TL",35,1.47,+91-502-587-3413
C53,Jake,Hurst,denise01@yahoo.com,Saket,"24 Luke square
Shepherdbury
L7A 2AZ",46,2.17,+91-973-034-6525
C54,Tony,Allen,williamssimon@yahoo.com,Okhla,"3 Cheryl harbor
East Jacob
ML1P 1QR",40,3.74,+91-764-758-0413
C55,Daniel,Green,thomsondarren@yahoo.com,Kalkaji,"2 Patel lodge
Markshire
B8 0ZE",32,2.20,+91-105-523-4683
C56,Mohammed,Smith,arthurconnolly@gmail.com,Sarojini Nagar,"Studio 80U
Shaun skyway
Cookview
B9K 3DQ",28,1.67,+91-158-158-6594
C57,Shannon,Dawson,lpope@gmail.com,Saket,"47 Rowley port
North Claire
S15 1WP",18,2.07,+91-735-273-0327
C58,Kevin,Brennan,kchan@yahoo.com,Ghaziabad,"Studio 57K
Davies roads
Daviesfurt
W2 5RP",18,1.47,+91-110-926-2304
C59,Stephanie,Holland,mistryross@gmail.com,Haus Khas,"862 Hill knolls
Charlotteport
SA9V 9WT",23,1.09,+91-056-172-2722
C6,Oliver,Smith,cunninghamvalerie@yahoo.com,Kalkaji,"Studio 58
Frances mission
Kingborough
W8 0UN",29,1.52,+91-742-000-4873
C60,Terry,Smith,robertsonmandy@hotmail.com,Ghaziabad,"19 Powell isle
McDonaldborough
TQ0P 1UD",30,2.91,+91-603-202-1091
C61,Kimberley,Lane,margaretwilliams@hotmail.com,Ghaziabad,"Studio 98z
Conor mount
Port Nigel
BB8A 5SE",20,2.88,+91-244-274-5908
C62,Reece,Fleming,lorrainewalters@yahoo.com,Manesar,"138 Patrick shoals
Port Staceyfort
S11 3SL",52,1.82,+91-755-826-4185
C63,Victoria,Ali,laurenfreeman@yahoo.com,Chattarpur,"Flat 88
Young meadow
Lake Dawnhaven
SA6 1EX",43,1.39,
C64,Josephine,Brown,wwilliams@gmail.com,Lajpat Nagar,"Flat 34t
Louise dam
South Connorfort
E8F 5HY",47,3.09,+91-078-053-6713
C65,Jamie,Harris-Metcalfe,pmanning@hotmail.com,Rohini,"394 Russell stream
New Jack
WR5 1BU",43,2.22,+91-882-664-6411
C66,Frank,Chan,cwilson@gmail.com,Haus Khas,"090 Callum mews
North Ross
SO88 2ZT",50,1.44,+91-640-226-5583
C67,Claire,Crawford,rmarshall@hotmail.com,Harry Streat,"Flat 17
Williams gardens
Clarketown
S59 7QJ",49,2.31,+91-712-333-3676
C68,Alex,Dawson,daniellecharlton@yahoo.com,Saket,"Studio 39v
Beth fort
East Annettestad
NG90 1LL",46,2.07,+91-964-077-9806
C69,Kevin,Randall,sian00@yahoo.com,Saket,"243 Holmes terrace
Kellyburgh
M70 4LH",57,4.07,+91-454-527-7914
C7,Hazel,Morgan,darren33@hotmail.com,Haus Khas,"785 Kyle hill
Paigeborough
B3 2SD",31,3.25,+91-568-201-4460
C70,Howard,Price-Adams,phanson@yahoo.com,Chattarpur,"7 Maurice meadows
Traceytown
ME29 0WX",60,3.21,+91-594-444-6856
C71,Margaret,Clarke,susanpatel@hotmail.com,Udyog Vihar,"Flat 15
Thornton views
East Christineton
G7C 8RA",54,4.06,+91-530-670-2839
C72,Elliot,Jones-Saunders,sandra28@gmail.com,Bombay,"04 Melissa terrace
East Thomas
M56 5TF",42,2.29,+91-595-306-2454
C73,Abbie,Fisher,margaret82@yahoo.com,Okhla,"Flat 69
Warren land
Portermouth
SG08 2WH",45,1.74,
C74,Martyn,Parry,farrellashleigh@hotmail.com,Cyber Hub,"Studio 1
Matthew plaza
West Katherine
NG71 5GF",44,1.66,
C75,Clive,Talbot,ellislisa@gmail.com,Vasant Vihar,"Flat 4
Roberts greens
New Lyndaland
GU1E 4HT",24,4.72,+91-068-455-2616
C76,Denis,Arnold,jason21@gmail.com,Chattarpur,"9 Matthews path
Emilychester
SO3A 3ED",46,3.39,
C77,Diane,Wright,charlie06@yahoo.com,Rohini,"651 Neill pass
Lake Katiechester
SK18 9EU",57,1.44,+91-888-268-4418
C78,Julie,Williams,justin31@hotmail.com,Ghaziabad,"Studio 2
Gilbert meadow
East Rosie
HP4 6ZT",54,3.94,+91-251-584-1586
C79,James,Roberts,btaylor@yahoo.com,Harry Streat,"701 Chapman trafficway
East Katy
FK3Y 2SS",37,1.33,+91-014-697-5591
C8,Frances,Heath,scottwilkinson@hotmail.com,Saket,"Flat 9
Joseph island
Lloydfurt
L2 5XA",56,1.48,+91-104-385-3533
C80,Joel,Barker,irichardson@hotmail.com,Connaught Place,"Flat 12
Marian union
Randallton
LE1 9RJ",59,2.19,+91-975-736-2570
C81,Owen,Mahmood,adrianpatel@gmail.com,Kalkaji,"99 Russell drives
Webbland
WD6B 4QS",42,2.00,+91-900-340-7309
C82,Raymond,Francis,fosterphilip@yahoo.com,Chattarpur,"Studio 78S
Wood viaduct
North Andrewmouth
G48 5HH",56,1.38,+91-819-972-1174
C83,Luke,Marsh-Arnold,fgrant@yahoo.com,Defence Colony,"Flat 42r
Kenneth drives
Port Dawn
M60 8TX",60,4.79,
C84,Kim,Hilton,marcus30@yahoo.com,Kalkaji,"34 Butler orchard
Ronaldside
AL09 8YQ",56,1.00,+91-683-172-4062
C85,Jason,Chambers,richardsonricky@yahoo.com,Chattarpur,"Flat 69j
Sean land
Lake Joan
LS9H 5SA",54,3.98,
C86,Simon,Shepherd,junewhittaker@hotmail.com,Udyog Vihar,"26 Maria mall
New Ashley
W1K 8FJ",27,1.41,+91-069-298-8616
C87,Kirsty,Martin,waltonmartin@gmail.com,DLF Phase 5,"75 Edwards union
New Tom
BT2V 4YB",18,3.10,+91-960-865-4796
C88,Guy,Smart-OConnor,sarahsmith@yahoo.com,Ghaziabad,"Studio 00h
Carole fort
Seanmouth
NG4P 6DH",51,4.31,+91-384-606-7538
C89,Christopher,Taylor,karen95@yahoo.com,Chattarpur,"98 Toby road
East Oliviabury
SK0 7LF",24,1.58,+91-789-196-0154
C9,Christine,Fitzgerald-Hall,zrobinson@hotmail.com,Rohini,"Studio 39
Jasmine union
Gibsonton
L6 1NP",49,3.60,
C90,Marie,Alexander,melaniecarter@hotmail.com,Ghaziabad,"Flat 57c
Martin court
Howardtown
M9 7HR",36,2.14,+91-173-702-4123
C91,Mandy,Perry,whitehousekyle@yahoo.com,Ghaziabad,"04 Simon mall
North Leonborough
ML7 6NN",52,4.29,+91-427-070-2878
C92,Alan,Perkins,hbell@yahoo.com,Vasant Kunj,"Studio 48R
Keith throughway
West Marcus
EH7M 9EJ",53,4.67,
C93,Jacqueline,Haynes,gail24@hotmail.com,Manesar,"Flat 93E
Emma curve
North Denis
WA29 8TF",39,3.25,+91-427-848-8682
C94,Rhys,Sanders-Jones,aimeethorpe@hotmail.com,Ghaziabad,"Studio 69I
Carl groves
Parsonsmouth
RM6 4LZ",58,4.50,+91-772-193-1879
C95,Marion,Pearce,irobinson@hotmail.com,Harry Streat,"Studio 5
Scott forges
South Duncan
IV7 1SB",37,2.12,
C96,Gareth,Johnson,dkirby@gmail.com,Connaught Place,"Flat 9
Robertson parkways
Watsonville
M10 4WY",29,3.97,+91-055-904-1994
C97,Wayne,Ward,watsoncharles@yahoo.com,Harry Streat,"Flat 69
Maurice isle
Lake Alanville
TN1B 7FD",35,1.40,+91-526-652-0234
C98,Margaret,Turner,dawn84@hotmail.com,Bombay,"74 Armstrong ports
Osborneberg
DG6X 1WE",20,4.78,+91-521-746-5866
C99,Gregory,Jones-Fox,moorejessica@gmail.com,Pragati Maidan,"80 Martyn circles
Charliefort
E79 0BZ",56,3.25,+91-410-455-8373
