GRequestID,First_Name,Last_Name,Locality,Price_Range,Identification,Date_of_application,Age,Speciality,Experience,Phone_number
R1,Abdul,Sims,Ghaziabad,1500,https://harris.com/,"2019, January 7",34,Digging,13,+91-442-156-6212
R10,Benjamin,Coles,Chennai,5000,http://www.turner-harris.com/,"2019, May 15",40,Planting,4,+91-998-318-9136
R11,Georgia,Evans,Chennai,3500,http://www.roberts-saunders.com/,"2019, May 8",33,Digging,1,+91-100-851-0650
R12,Gail,Jones,Vasant Kunj,4500,http://www.green.com/,"2019, September 20",59,Watering,10,+91-156-692-2519
R13,Lee,Mitchell,Karol Bagh,1000,http://nicholls.biz/,"2019, August 3",55,Maintenance,15,+91-204-723-1484
R14,Lewis,Owen,Vasant Vihar,1000,https://www.elliott.net/,"2019, March 12",31,Maintenance,8,+91-937-193-6305
R15,Pamela,Wood,Harry Streat,1000,http://brady.com/,"2019, September 13",60,Weeds,3,+91-408-778-4143
R16,Ben,Hill,Harkesh Nagar,2500,http://johnson.org/,"2019, November 22",42,Harvesting,9,+91-639-961-2206
R17,Marcus,Ellis,Chennai,1000,https://allen.com/,"2019, November 23",57,Watering,10,+91-219-784-4589
R18,Stephanie,Harvey,Chennai,2000,https://dobson.net/,"2019, July 13",27,Harvesting,1,+91-078-411-4862
R19,Stacey,Dennis,Green Park,4000,https://phillips.net/,"2019, February 8",25,Watering,11,+91-714-273-3289
R2,Diana,Johnson,Chennai,3500,https://www.gill.net/,"2019, April 6",38,Planting,12,+91-155-524-4195
R20,Shane,Edwards,Vasant Vihar,2500,https://mills-campbell.com/,"2019, September 17",58,Planting,8,+91-422-961-8087
R21,Albert,Marsh,Cyber Park,2000,http://andrews-wilson.com/,"2019, July 1",33,Watering,14,+91-743-734-8726
R22,Bethany,Stevens,Lajpat Nagar,4000,http://www.smith-middleton.com/,"2019, January 8",60,Maintenance,6,+91-047-114-2611
R23,Marilyn,Stevens,Ghaziabad,1000,http://www.sullivan.com/,"2019, May 14",28,Digging,15,+91-272-928-2811
R24,Sylvia,Carter,Cyber Hub,500,https://clarke-anderson.com/,"2019, November 23",38,Planting,7,+91-462-503-6861
R25,Mohamed,Bailey-Wood,Chattarpur,3000,http://www.buckley.com/,"2019, July 25",37,Pest Removal,7,+91-831-514-0425
R26,Hilary,Moss,Harry Streat,4000,http://baker.org/,"2019, April 10",53,Pest Removal,8,+91-692-135-3002
R27,Lee,Jackson,Cyber Hub,3500,https://www.oneill-lane.biz/,"2019, September 20",29,Pest Removal,14,+91-062-730-4291
R28,Eric,Ford,Kashmiri Gate,1000,https://www.murray.biz/,"2019, September 23",51,Pest Removal,5,+91-157-337-4181
R29,William,Bradley,Harry Streat,5000,http://www.evans.com/,"2019, September 17",51,Weeds,15,+91-131-784-5959
R3,Vanessa,Knowles,Greater Kailash,2500,http://www.barrett.biz/,"2019, August 21",40,Watering,5,+91-824-630-9110
R30,Rachel,Khan,Model Town,4000,https://johnson-williams.com/,"2019, April 10",27,Maintenance,9,+91-220-789-8858
R31,Carole,Holmes,Defence Colony,2000,http://robson-fleming.org/,"2019, July 4",32,Watering,4,+91-417-288-5060
R32,Terry,Dunn,Green Park,1000,http://waters.com/,"2019, July 13",31,Digging,3,+91-947-686-7551
R33,Gavin,Berry,Karol Bagh,1500,http://www.garner.info/,"2019, June 19",32,Pest Removal,10,+91-326-445-8459
R34,Terry,Campbell,Chattarpur,4000,http://www.walsh.com/,"2019, January 12",58,Harvesting,6,+91-507-981-6849
R35,Albert,Wells,Manesar,4500,https://www.freeman.com/,"2019, July 1",18,Digging,13,+91-871-506-7414
R36,Philip,Connor,Green Park,500,https://www.johnson.com/,"2019, June 5",29,Digging,14,+91-238-790-6368
R37,Richard,Newman,Green Park,4000,http://hill.com/,"2019, September 7",60,Planting,14,+91-381-036-5485
R38,Nicole,Holland,Pragati Maidan,4500,https://www.jennings.info/,"2019, November 24",34,Watering,15,+91-397-135-0833
R39,Jessica,Fletcher,Karol Bagh,500,https://wright.net/,"2019, March 24",19,Planting,5,+91-865-337-2279
R4,Holly,Hill,Harkesh Nagar,2500,https://www.watts.com/,"2019, July 26",37,Planting,9,+91-914-070-6332
R40,Karl,Cartwright,Munirka,2500,http://www.richards.biz/,"2019, February 2",18,Pest Removal,1,+91-031-051-2975
R41,Frances,North-Pugh,Greater Kailash,500,https://davies.com/,"2019, April 26",40,Weeds,3,+91-001-023-7488
R42,Alison,Reid,Kalkaji,4000,https://www.holmes.com/,"2019, September 17",41,Maintenance,12,+91-257-527-4522
R43,Damian,Miles,Cyber Park,500,https://www.rogers-martin.com/,"2019, August 4",18,Maintenance,6,+91-668-048-7083
R44,Gary,Watkins,Chennai,4000,https://www.wilson.com/,"2019, January 18",43,Digging,14,+91-650-086-1856
R45,Rhys,Atkinson,Karol Bagh,3500,http://atkins.com/,"2019, March 15",23,Harvesting,1,+91-823-824-4794
R46,Anna,Harding,Chattarpur,5000,http://www.russell.biz/,"2019, September 25",52,Watering,3,+91-854-475-6362
R47,Victoria,Ellis,Greater Kailash,1000,https://www.jones.org/,"2019, May 10",48,Harvesting,6,+91-416-430-6150
R48,Hilary,Metcalfe,Manesar,4500,http://www.leonard-francis.info/,"2019, February 22",57,Digging,7,+91-951-709-8070
R49,Danny,Smith,Karol Bagh,500,https://www.james.com/,"2019, August 4",56,Pest Removal,3,+91-688-305-2034
R5,Marilyn,Brown,Model Town,3000,https://www.dunn-hope.com/,"2019, December 20",52,Digging,8,+91-945-764-8470
R50,Maurice,Johnson,Cyber Hub,2000,http://www.jones.info/,"2019, April 28",39,Weeds,12,+91-021-483-8484
R6,Lindsey,Young,Udyog Vihar,3500,https://www.mann.com/,"2019, July 7",52,Digging,9,+91-519-473-2316
R7,Bernard,Brady-Fisher,Okhla,5000,https://www.rogers.org/,"2019, March 22",41,Harvesting,8,+91-079-045-9485
R8,Adrian,Miah,Green Park,1000,https://gray.com/,"2019, August 20",54,Planting,6,+91-232-057-6898
R9,Gillian,Campbell,Ghaziabad,1000,https://green-walker.org/,"2019, July 4",25,Digging,7,+91-875-459-5553
