GardenerID,First_Name,Last_Name,Locality,Price_Range,Identification,Date_of_joining,Age,Rating,Speciality,Experience,Phone_number
G1,Hayley,Marshall,Gurugram,2500,http://young.com/,"2019, September 22",18,3.65,Harvesting,2,+91-402-604-5683
G10,Darren,Lewis,Kalkaji,5000,https://www.williams-martin.com/,"2019, February 16",40,4.8,Digging,15,+91-338-823-9963
G100,Timothy,Edwards,Rajori Gardens,1000,http://www.leach-long.com/,"2019, November 11",38,3.23,Pest Removal,1,+91-381-330-2558
G101,Sam,Baker,Harkesh Nagar,1500,https://www.osullivan.com/,"2019, February 20",26,3.32,Watering,9,+91-048-067-8597
G102,Denis,Griffiths,Chennai,1500,https://hughes.info/,"2019, July 15",50,4.9,Harvesting,3,+91-075-348-6493
G103,Samuel,Thompson,Okhla,3500,https://www.hayward.com/,"2019, January 26",48,3.65,Planting,15,+91-744-287-5958
G104,Rosie,Davies,Cyber Park,4500,https://booth-freeman.com/,"2019, September 12",39,1.77,Pest Removal,13,+91-334-072-2675
G105,Katie,Cole,Connaught Place,1000,https://www.turner-wilkinson.com/,"2019, January 5",39,4.24,Planting,8,+91-023-019-5687
G106,Donna,Dawson,DLF Phase 5,5000,https://morrison.com/,"2019, November 20",23,2.73,Weeds,5,+91-268-209-2349
G107,Jake,Jenkins,Lajpat Nagar,3000,http://www.mason.com/,"2019, June 10",45,1.13,Maintenance,1,+91-834-516-0429
G108,Clare,Kelly,Connaught Place,1000,https://doherty.com/,"2019, August 19",25,4.69,Harvesting,10,+91-300-076-8595
G109,Roy,Robinson,Lodi Road,3000,http://finch-phillips.com/,"2019, February 2",26,2.25,Planting,1,+91-107-724-2799
G11,Brian,Harrison,Kalkaji,4000,http://www.bradley-wood.com/,"2019, February 11",31,2.48,Digging,1,+91-859-992-6693
G110,Eleanor,Fleming-Farrell,Cyber Hub,2500,http://www.stewart.com/,"2019, January 5",51,2.16,Maintenance,10,+91-194-522-6457
G111,Declan,Jones,Haus Khas,3000,http://knight-greenwood.biz/,"2019, October 3",45,4.3,Weeds,8,+91-508-909-6799
G113,Hannah,Smith,Lajpat Nagar,2000,http://atkinson-reeves.com/,"2019, March 25",32,2.81,Watering,5,+91-632-435-0967
G114,Howard,Cooke,Connaught Place,5000,https://www.foster.com/,"2019, April 28",40,3.0,Weeds,1,+91-438-493-3495
G115,Janet,Harding,Karol Bagh,1500,http://www.carter-rhodes.com/,"2019, June 14",44,3.69,Watering,12,+91-012-402-2974
G116,Claire,Peacock,Harry Streat,500,https://smith.biz/,"2019, March 4",38,3.04,Watering,3,+91-563-169-1091
G117,Melanie,Wright,Rohini,4000,http://www.smith.info/,"2019, November 21",54,2.54,Watering,9,+91-209-856-1024
G118,Barry,Brown,Haus Khas,4500,http://www.turner-davis.com/,"2019, October 24",50,1.75,Pest Removal,9,+91-674-104-2179
G119,Gregory,Chapman,Lodi Road,3000,https://www.davies-lee.biz/,"2019, February 6",36,2.32,Maintenance,8,+91-158-409-0957
G12,Nathan,Mitchell,Defence Colony,2500,http://www.smith.org/,"2019, December 8",36,4.43,Weeds,11,+91-827-247-0686
G120,Matthew,Hawkins,Munirka,1000,https://www.roberts.info/,"2019, May 1",39,4.59,Planting,2,+91-043-572-1014
G121,Norman,Dodd,Karol Bagh,500,http://johnson.org/,"2019, July 9",58,1.61,Weeds,4,+91-544-213-7542
G122,Rita,Cook,Harkesh Nagar,1500,http://www.donnelly.com/,"2019, March 25",59,3.28,Planting,1,+91-251-777-1696
G123,Lynn,Burton,Kalkaji,2500,https://gardiner-taylor.info/,"2019, September 6",60,2.5,Watering,14,+91-282-102-2129
G124,John,Quinn,Haus Khas,500,http://saunders-white.biz/,"2019, January 3",50,4.73,Digging,11,+91-569-984-3391
G125,Callum,Phillips-Williams,Connaught Place,1500,http://www.patel-buckley.biz/,"2019, August 2",26,3.12,Weeds,7,+91-888-621-7245
G126,Lawrence,Carter,Vasant Kunj,3500,https://davis.com/,"2019, April 9",20,3.87,Planting,13,+91-792-607-5535
G127,George,Russell,DLF Phase 5,1000,https://www.whitehead-perry.info/,"2019, May 8",44,3.07,Digging,4,+91-219-488-6454
G128,Hollie,Preston,Okhla,5000,http://www.barnes.com/,"2019, October 3",39,2.76,Planting,8,+91-252-879-5443
G129,Christine,Williams-Cook,Kalkaji,1000,https://www.green.biz/,"2019, July 7",21,1.69,Planting,13,+91-913-065-7682
G13,Alan,Alexander,Harkesh Nagar,3000,https://power-parkinson.com/,"2019, August 21",59,2.19,Watering,9,+91-537-093-0473
G130,Caroline,Field-Archer,Rohini,1000,https://www.morris.net/,"2019, December 10",51,1.76,Weeds,11,+91-110-398-2106
G131,Ian,Clarke,Lodi Road,2000,https://www.jones-smith.com/,"2019, April 20",52,1.51,Planting,4,+91-353-002-0864
G132,Amanda,Taylor,Defence Colony,3500,https://www.perry-knight.org/,"2019, October 21",19,1.39,Maintenance,12,+91-822-943-3435
G133,Mohammad,Greenwood,Bombay,3000,http://www.brooks-harris.com/,"2019, April 20",44,4.07,Maintenance,12,+91-705-367-2526
G134,Kyle,Bradshaw,Lajpat Nagar,5000,http://www.crawford.com/,"2019, November 18",52,2.26,Weeds,7,+91-966-295-0510
G135,Ben,Morton-Campbell,Vasant Kunj,2500,http://www.savage.com/,"2019, February 16",37,1.69,Digging,13,+91-188-648-3504
G136,Paula,Steele-Bailey,DLF Phase 5,500,http://lewis-dunn.net/,"2019, January 6",28,2.27,Weeds,4,+91-089-734-1143
G137,Stewart,Hardy,Vasant Vihar,500,https://newman-clarke.biz/,"2019, July 18",51,3.67,Weeds,2,+91-950-672-8164
G138,Lynn,Lucas,Saket,3000,https://hamilton.com/,"2019, September 17",31,1.37,Watering,11,+91-026-221-2838
G139,Graeme,Carter,Lajpat Nagar,1000,http://www.powell.com/,"2019, April 11",44,1.9,Digging,11,+91-332-069-3620
G14,Gary,Wallis,Sarojini Nagar,2000,http://www.simpson.com/,"2019, June 6",52,4.72,Watering,7,+91-192-448-4746
G140,Aimee,Bell,Rajori Gardens,5000,https://cox.info/,"2019, March 16",47,1.65,Pest Removal,13,+91-568-019-4468
G141,Iain,Bishop,Vasant Vihar,3500,http://www.ward.com/,"2019, April 28",50,3.34,Planting,1,+91-552-757-4649
G142,Wendy,Taylor,DLF Phase 5,2500,https://www.howarth-stone.com/,"2019, January 27",22,3.56,Maintenance,15,+91-731-712-3641
G143,Jayne,Pearson,Cyber Hub,3000,https://www.steele.org/,"2019, August 22",60,4.97,Digging,8,+91-833-292-5493
G144,Malcolm,Patel,Madras,2500,https://www.lowe.com/,"2019, April 18",23,2.14,Weeds,2,+91-895-659-8153
G145,Elliott,Harris,Lodi Road,4000,https://dawson.com/,"2019, May 8",50,3.74,Planting,10,+91-830-103-6255
G146,Iain,Morgan,Gurugram,3500,https://www.price-baker.info/,"2019, February 20",31,3.25,Pest Removal,12,+91-222-052-0056
G147,Tracey,Rahman,Vasant Vihar,3500,https://allen.com/,"2019, December 4",54,1.31,Digging,3,+91-627-124-8810
G148,Billy,Carter,Connaught Place,1500,https://www.harding-long.net/,"2019, July 20",51,2.96,Weeds,12,+91-126-371-0900
G149,Georgia,Nicholls,Defence Colony,1500,http://www.craig.biz/,"2019, November 5",25,1.71,Planting,9,+91-125-859-7844
G15,Eleanor,Bell,Gurugram,3000,https://www.hussain.com/,"2019, October 6",50,3.76,Weeds,9,+91-582-153-8071
G150,Edward,Barnes,Rohini,5000,https://www.brooks.org/,"2019, June 17",20,3.47,Weeds,13,+91-572-576-7576
G151,Carl,Wright,Bombay,3500,http://www.bartlett.org/,"2019, August 28",36,2.4,Pest Removal,11,+91-579-562-4199
G152,Georgia,Begum,Defence Colony,3000,http://richardson-evans.org/,"2019, September 20",28,1.16,Weeds,4,+91-417-717-7463
G153,Lawrence,Cox,Lajpat Nagar,500,http://www.gray.com/,"2019, June 12",47,3.95,Maintenance,3,+91-177-863-7890
G155,Garry,Quinn,Kalkaji,4000,http://lloyd.com/,"2019, January 3",45,2.37,Watering,11,+91-010-218-7260
G156,Joyce,Harris,Vasant Vihar,2500,http://www.bruce-andrews.com/,"2019, May 25",37,3.7,Watering,14,+91-063-822-7078
G157,Darren,Edwards,Lajpat Nagar,4000,https://www.murphy.com/,"2019, August 6",48,4.98,Pest Removal,12,+91-120-452-9753
G158,Katherine,Bennett,DLF Phase 5,2500,http://smith.com/,"2019, December 11",51,3.23,Watering,8,+91-705-091-5553
G159,Margaret,Smith,Gurugram,2500,http://www.heath.biz/,"2019, January 21",20,2.67,Harvesting,11,+91-586-842-1414
G16,Irene,Williams,Lajpat Nagar,1500,https://www.owen-akhtar.com/,"2019, February 19",18,3.67,Weeds,1,+91-654-697-9486
G160,Robin,Sutton,Haus Khas,5000,https://www.begum.com/,"2019, June 21",44,2.28,Maintenance,1,+91-796-615-3563
G161,Rebecca,Simpson,Lodi Road,2000,http://www.cooper.net/,"2019, September 18",56,2.72,Harvesting,12,+91-999-506-6715
G162,Jacob,Hall,Bombay,2000,http://kaur.biz/,"2019, March 14",22,4.17,Planting,12,+91-323-495-9910
G163,Marion,Richardson,Connaught Place,4000,https://adams.com/,"2019, September 6",50,2.5,Weeds,11,+91-622-679-4889
G164,Harry,Holmes,Connaught Place,3500,http://middleton-miller.info/,"2019, April 26",48,4.24,Weeds,15,+91-799-743-0886
G165,Terry,Smith-Martin,Sarojini Nagar,3000,http://www.jones-fox.com/,"2019, November 11",37,1.73,Harvesting,4,+91-278-124-2723
G166,Timothy,Dobson,Sarojini Nagar,4000,https://www.brown-smith.com/,"2019, April 11",26,1.95,Watering,14,+91-399-004-6509
G167,Patricia,Foster,Lodi Road,3500,https://pearson.info/,"2019, May 14",37,1.77,Planting,4,+91-015-209-9543
G168,Keith,Hill,Okhla,1500,http://www.williams.com/,"2019, May 27",44,3.52,Planting,6,+91-566-744-8563
G169,Martyn,Shepherd-Roberts,Connaught Place,500,http://www.holden.net/,"2019, December 19",54,3.35,Digging,6,+91-121-392-8590
G17,Matthew,Fuller,Gurugram,500,http://www.parsons-lee.biz/,"2019, November 2",60,3.08,Planting,8,+91-348-024-7260
G170,Louis,Peacock-Scott,Madras,3000,https://www.bates-williams.biz/,"2019, June 17",44,1.3,Weeds,15,+91-280-227-2175
G171,Callum,Tucker,Defence Colony,1500,https://brown.org/,"2019, February 1",22,4.83,Weeds,12,+91-716-402-6883
G172,Elliot,Bray,Kalkaji,5000,http://www.davis.com/,"2019, September 7",32,3.95,Pest Removal,9,+91-908-370-8528
G173,Allan,Phillips,Greater Kailash,5000,https://www.williams.com/,"2019, July 21",22,2.86,Maintenance,15,+91-796-602-1431
G174,Josh,Palmer,Munirka,500,https://www.curtis-hill.com/,"2019, March 16",27,4.13,Harvesting,2,+91-168-392-9608
G175,Anne,Young,Gurugram,2000,http://www.nixon.info/,"2019, August 8",50,1.94,Watering,15,+91-954-244-8271
G176,Adam,Dawson,DLF Phase 5,5000,https://www.jarvis.com/,"2019, March 14",53,3.12,Harvesting,4,+91-662-601-2255
G177,Kyle,Brookes-ONeill,Madras,2000,http://www.fletcher.info/,"2019, August 2",23,1.47,Pest Removal,13,+91-037-166-2329
G178,John,Metcalfe,Defence Colony,4000,http://www.king.com/,"2019, June 27",26,3.86,Digging,12,+91-297-132-2951
G179,Justin,Rowe,Harry Streat,3000,https://reid.com/,"2019, March 10",19,3.93,Weeds,15,+91-860-239-8565
G18,Chelsea,Foster,Gurugram,2500,http://richards-cameron.biz/,"2019, November 1",53,4.59,Maintenance,1,+91-251-521-2890
G180,Ben,Williams,Vasant Vihar,5000,https://www.curtis.biz/,"2019, June 24",55,3.17,Maintenance,7,+91-218-309-8406
G181,Gareth,Frost,Madras,1000,http://swift-bishop.com/,"2019, February 6",45,4.37,Digging,11,+91-303-274-2542
G182,Brenda,McCarthy-Price,Munirka,4500,http://www.holt.com/,"2019, September 5",21,4.09,Pest Removal,9,+91-466-028-9069
G183,Douglas,Doherty,Saket,3500,https://www.coates.com/,"2019, June 14",36,2.58,Weeds,4,+91-771-001-9122
G184,Mark,Gregory-Lambert,Bombay,2500,http://cartwright.com/,"2019, February 16",60,4.52,Maintenance,5,+91-512-269-7800
G185,Mohamed,Nicholson,Cyber Park,1000,http://king-hunt.com/,"2019, January 1",46,4.09,Weeds,12,+91-133-416-3337
G186,Sam,Godfrey,Madras,1500,http://www.harrison-jones.com/,"2019, January 21",58,3.11,Watering,7,+91-080-866-9741
G187,Ian,Roberts,Madras,1500,http://www.harris.com/,"2019, December 18",32,2.38,Digging,10,+91-761-485-3035
G188,Carly,Watts,Vasant Vihar,2000,http://patel.com/,"2019, July 10",30,1.15,Weeds,6,+91-332-548-0481
G189,Hayley,Brown,Madras,3000,https://rogers-parsons.info/,"2019, June 3",46,2.29,Harvesting,6,+91-787-288-5094
G19,George,Thomas,Manesar,5000,https://clark.com/,"2019, September 26",39,4.91,Harvesting,7,+91-658-565-1951
G191,Graham,Newman,Harkesh Nagar,2000,https://www.osullivan-bartlett.com/,"2019, August 10",48,1.12,Weeds,1,+91-393-395-2408
G192,Aimee,Booth,Haus Khas,1000,http://www.ward.net/,"2019, October 1",20,4.45,Maintenance,8,+91-833-221-1539
G193,Joyce,Smith,Cyber Hub,4500,https://newman-newman.com/,"2019, May 17",30,3.32,Planting,5,+91-690-502-3138
G194,Kimberley,Gilbert,Madras,4500,https://www.doyle.com/,"2019, January 13",34,4.44,Weeds,2,+91-465-035-1244
G195,Bradley,Taylor,Chennai,2000,https://www.payne-jackson.com/,"2019, October 11",36,3.92,Pest Removal,6,+91-402-656-3290
G196,Terence,Evans-Doyle,Lajpat Nagar,4500,http://metcalfe.com/,"2019, February 20",50,1.5,Harvesting,3,+91-883-439-1765
G197,Bethan,Martin,Harry Streat,5000,http://powell.com/,"2019, January 27",23,4.3,Harvesting,13,+91-237-488-2043
G198,Jack,Reid,Vasant Vihar,4000,https://www.cooper.com/,"2019, December 24",20,3.04,Harvesting,9,+91-939-574-6827
G199,Hilary,Fitzgerald,Connaught Place,1000,https://hayward.net/,"2019, May 26",29,1.43,Weeds,9,+91-250-966-0234
G2,Jason,Rose,Gurugram,3500,http://www.griffiths.net/,"2019, December 12",34,3.09,Watering,8,+91-487-816-0797
G20,Valerie,Clarke,DLF Phase 5,1500,http://www.smith.biz/,"2019, May 7",44,1.8,Watering,15,+91-784-759-1297
G200,atishay,ggu,gurgaon,200,adsf,4-5-2020,20,,Watering,3,998
G201,aru,bhatt,gurgaon,200,qw,5f5d,20,,Watering,23,99999999
G21,Lindsey,Morley,Gurugram,3000,http://www.taylor-hancock.info/,"2019, August 22",48,3.24,Weeds,7,+91-874-414-3626
G211,ads,djgj,bkjbh,576,fjhfjg,kgjh,23,3.0,Watering,4,536565
G212,chris,blanc,Noida,1700,https://www.steele1.org/,"2020, April 20",27,,Harvesting,2,9999117255
G22,Dale,Stone,Sarojini Nagar,4500,http://www.knight.com/,"2019, September 15",42,1.89,Maintenance,6,+91-680-520-6580
G23,Gavin,Leonard,Haus Khas,3500,http://www.hooper.biz/,"2019, April 5",45,4.13,Maintenance,7,+91-553-380-3402
G24,Sarah,Gould,Kalkaji,2500,https://www.buckley-lloyd.org/,"2019, May 24",24,3.72,Weeds,5,+91-878-763-7034
G25,Melanie,Bryant,Chennai,2500,http://www.hopkins.com/,"2019, May 3",49,4.54,Watering,8,+91-349-973-7056
G26,Raymond,Hall,Madras,1500,http://www.porter-gilbert.com/,"2019, November 2",34,4.54,Maintenance,6,+91-353-333-7381
G27,Harry,Norman,Gurugram,2000,http://www.charlton-oliver.com/,"2019, July 4",49,4.92,Digging,7,+91-449-096-0794
G28,Carl,Green,Gurugram,5000,http://stewart.com/,"2019, July 1",57,2.88,Harvesting,11,+91-015-393-2415
G29,Leanne,Jackson,Haus Khas,1000,https://fisher.org/,"2019, August 5",30,4.32,Maintenance,3,+91-879-571-1737
G3,Terence,Holloway,Chennai,2000,https://www.mckenzie.com/,"2019, June 19",51,1.02,Harvesting,14,+91-858-107-9577
G30,Emily,Martin,Connaught Place,1000,https://www.thomas.com/,"2019, March 25",47,3.93,Watering,15,+91-888-728-1287
G31,Sharon,Wood,Gurugram,2000,http://richardson.com/,"2019, December 17",55,1.6,Pest Removal,7,+91-456-375-1721
G32,Peter,Cooper,Manesar,4000,https://payne-ward.com/,"2019, October 3",28,2.03,Weeds,1,+91-447-717-5808
G33,Mathew,Jarvis,Defence Colony,3500,http://www.ball-clarke.com/,"2019, September 4",21,4.84,Planting,15,+91-215-771-2968
G34,Stephen,Kennedy-John,Gurugram,1500,https://www.gill.com/,"2019, January 1",48,2.62,Digging,2,+91-000-220-5663
G35,Adam,Taylor,Harkesh Nagar,3500,https://www.lloyd.com/,"2019, December 26",36,3.83,Weeds,12,+91-980-368-8190
G36,Pamela,Bradley,Munirka,2000,http://morris.com/,"2019, August 19",47,3.02,Watering,9,+91-869-794-5459
G37,Rachael,Jones,Haus Khas,4000,https://www.parkes.com/,"2019, March 12",34,1.13,Planting,9,+91-509-835-3941
G38,Joel,Smith,Harkesh Nagar,500,https://evans.com/,"2019, July 28",24,1.63,Harvesting,10,+91-000-223-9911
G39,Anna,Green,Harry Streat,5000,http://www.brooks.biz/,"2019, May 14",28,2.01,Watering,5,+91-576-628-1396
G4,Naomi,Hughes,Gurugram,5000,https://kelly.com/,"2019, February 3",20,3.08,Pest Removal,1,+91-750-675-3428
G40,Oliver,Foster,DLF Phase 5,5000,http://quinn-arnold.com/,"2019, June 4",23,2.72,Weeds,1,+91-580-317-7576
G41,Reece,Thomson,Madras,500,http://parker.com/,"2019, October 2",30,1.3,Watering,3,+91-274-396-6671
G42,Jodie,Harvey,Defence Colony,4500,http://chadwick-may.com/,"2019, September 15",59,3.46,Pest Removal,2,+91-479-116-2929
G43,Barry,Hunter,Defence Colony,2500,http://elliott.net/,"2019, December 11",31,2.4,Planting,2,+91-945-000-4802
G44,Valerie,Singh,Haus Khas,2500,http://phillips.com/,"2019, March 27",38,4.1,Maintenance,6,+91-950-819-5497
G45,Jennifer,Fleming,Lajpat Nagar,4500,https://obrien-shaw.com/,"2019, April 23",49,3.88,Maintenance,1,+91-287-917-8523
G46,Max,Godfrey,Lajpat Nagar,2500,https://www.warner.org/,"2019, October 14",30,3.44,Digging,5,+91-196-904-1787
G47,Melanie,Jones,Udyog Nagar,4500,http://hopkins.com/,"2019, June 11",41,4.49,Harvesting,8,+91-200-817-6415
G48,Iain,Glover,Lajpat Nagar,2500,http://stevens.biz/,"2019, April 22",35,2.17,Watering,15,+91-807-947-4264
G49,Harriet,Taylor,Defence Colony,2000,http://www.hall-turner.info/,"2019, March 24",35,1.69,Weeds,9,+91-093-520-8688
G5,Oliver,Jones,Madras,500,https://williams-lewis.com/,"2019, September 12",42,1.78,Digging,5,+91-626-120-6687
G50,Michael,Clarke,Lajpat Nagar,2000,https://edwards.com/,"2019, January 9",42,2.16,Weeds,8,+91-361-621-5453
G51,Geraldine,King,Connaught Place,1000,https://taylor-ali.info/,"2019, December 13",46,2.89,Planting,5,+91-878-627-9970
G52,Janet,Fletcher,Harry Streat,2500,http://pope.com/,"2019, January 8",37,4.44,Weeds,7,+91-580-759-1784
G53,Carl,Hale,Lodi Road,4000,https://norman.com/,"2019, September 14",43,2.0,Harvesting,10,+91-273-180-6736
G55,Geoffrey,Howells,Rohini,2500,https://turner.com/,"2019, August 21",23,4.84,Harvesting,1,+91-653-366-3507
G56,Nicholas,Carter,Madras,3000,http://www.harrison.com/,"2019, January 1",39,4.16,Pest Removal,3,+91-478-733-4432
G57,Peter,Mellor,DLF Phase 5,4500,http://www.hale.biz/,"2019, April 11",27,3.61,Pest Removal,4,+91-254-755-2215
G58,Janice,Freeman,Kalkaji,3000,http://harris.com/,"2019, October 8",29,2.16,Digging,7,+91-532-374-7398
G59,Carolyn,Clarke,Vasant Vihar,2000,https://bird.net/,"2019, January 28",54,4.79,Planting,15,+91-172-660-6074
G6,Bethany,Jordan-Wilson,Sarojini Nagar,500,http://www.ferguson-price.com/,"2019, March 12",38,2.71,Planting,1,+91-455-198-6564
G60,Marian,Briggs,Cyber Park,2000,http://wilson.com/,"2019, September 24",57,2.11,Digging,8,+91-952-816-5079
G61,Leigh,Roberts,Kalkaji,500,http://www.walker.info/,"2019, August 12",27,3.81,Digging,6,+91-381-287-6509
G62,Carol,Graham,Kalkaji,2500,http://benson.net/,"2019, January 24",44,2.09,Watering,14,+91-110-611-5949
G63,Neil,Sutton,Lodi Road,3500,https://jones.org/,"2019, April 24",35,4.93,Maintenance,4,+91-190-458-9771
G64,Victoria,Lucas-Sykes,Harry Streat,2500,http://bennett-parkin.com/,"2019, June 2",24,1.74,Maintenance,9,+91-124-046-2361
G65,Max,Ali,Defence Colony,500,http://www.hanson.biz/,"2019, December 22",54,1.89,Watering,3,+91-128-507-4583
G66,Abbie,Watson,Kalkaji,1500,http://www.lee.com/,"2019, February 5",57,1.83,Pest Removal,15,+91-791-005-0886
G67,Maria,Whitehead,Manesar,1500,https://newton-carter.com/,"2019, February 3",35,3.69,Harvesting,9,+91-746-443-6548
G68,Daniel,Cook,Vasant Kunj,5000,https://bailey.com/,"2019, June 25",23,4.5,Pest Removal,11,+91-707-333-3796
G69,Kim,Wright,Connaught Place,500,https://www.roberts.com/,"2019, October 23",34,4.96,Planting,8,+91-368-759-5491
G7,Vanessa,Robinson,Bombay,1500,http://www.tucker.net/,"2019, April 25",32,1.79,Harvesting,7,+91-039-684-8227
G70,Justin,Lane,Cyber Park,1500,http://smith.org/,"2019, February 11",60,3.36,Watering,1,+91-854-695-1052
G71,Declan,Hill,Vasant Kunj,4000,https://www.hall.com/,"2019, July 9",56,4.32,Digging,15,+91-285-753-9949
G72,Dorothy,Ford,Cyber Hub,4000,https://taylor.com/,"2019, October 24",21,3.09,Planting,7,+91-819-652-3334
G73,Debra,Cox-Mitchell,DLF Phase 5,5000,http://taylor.com/,"2019, November 27",33,4.15,Digging,11,+91-381-863-1722
G74,Luke,Pollard,Connaught Place,2500,https://www.newman.com/,"2019, July 20",46,4.9,Watering,13,+91-369-676-6617
G75,Hazel,Mitchell,Madras,4500,https://reeves.biz/,"2019, December 15",44,4.79,Weeds,8,+91-046-139-3022
G76,Mohammed,Young,Connaught Place,4000,http://www.davis.org/,"2019, July 15",22,4.49,Planting,6,+91-651-882-2085
G77,George,Fletcher,Haus Khas,3000,https://www.chamberlain-evans.com/,"2019, October 13",45,4.09,Harvesting,4,+91-397-865-3012
G78,Ian,Wright,Munirka,4500,https://freeman-begum.com/,"2019, May 1",35,1.73,Planting,7,+91-344-212-4899
G79,Shannon,Smart,Gurugram,3500,https://www.parsons.com/,"2019, August 18",21,3.83,Planting,15,+91-439-825-6886
G8,Steven,Bradley,Connaught Place,3000,http://green.info/,"2019, January 1",20,1.45,Harvesting,14,+91-365-864-3616
G80,Nigel,Watson,Vasant Vihar,2000,https://law.com/,"2019, September 19",37,3.38,Digging,10,+91-507-099-8074
G81,Danny,Parker-Coates,Connaught Place,3500,https://www.glover.com/,"2019, March 12",38,1.77,Maintenance,7,+91-996-803-7408
G82,Eileen,Watson,Lajpat Nagar,500,https://www.shepherd-wood.info/,"2019, February 25",53,2.56,Weeds,5,+91-439-043-0709
G83,Annette,Arnold,DLF Phase 5,4000,http://www.clarke-mason.org/,"2019, January 12",54,3.5,Weeds,10,+91-018-401-8383
G84,Lisa,Sanders,Chennai,2000,https://www.simmons.com/,"2019, January 24",42,4.64,Pest Removal,2,+91-732-751-0521
G85,David,Holmes,Okhla,4500,http://walton.biz/,"2019, November 9",21,2.7,Weeds,6,+91-997-948-7483
G86,Nigel,Little,Defence Colony,2500,http://baxter.biz/,"2019, May 5",51,2.37,Digging,7,+91-611-056-3755
G87,Danielle,Williams,Lodi Road,4000,http://www.mellor.com/,"2019, August 26",39,1.48,Weeds,10,+91-160-993-9174
G88,Mitchell,Joyce,Saket,2500,https://www.marshall-kennedy.net/,"2019, October 5",23,2.67,Digging,14,+91-733-406-9946
G89,Kyle,Wilson,Cyber Park,4000,https://houghton.com/,"2019, October 27",23,3.74,Harvesting,2,+91-823-560-9183
G9,Janet,Morrison-Jones,Connaught Place,500,https://holden.biz/,"2019, September 20",27,1.45,Planting,6,+91-411-344-5392
G90,Catherine,King,Kalkaji,500,https://sanders-stone.org/,"2019, September 17",27,3.37,Digging,4,+91-305-327-1267
G91,Amy,McLean,Defence Colony,1500,https://ward-davies.com/,"2019, September 4",58,3.57,Weeds,14,+91-279-869-6781
G92,Adam,Archer,DLF Phase 5,5000,http://skinner.org/,"2019, August 7",23,1.63,Digging,3,+91-525-216-7473
G93,Samantha,Thomas,Harry Streat,3500,http://www.hughes.com/,"2019, December 8",46,1.85,Pest Removal,10,+91-931-480-3117
G94,Malcolm,Summers,Rohini,5000,https://allen.org/,"2019, January 21",18,3.22,Weeds,14,+91-273-672-2960
G95,Simon,Lewis,Kalkaji,3500,https://www.harris.com/,"2019, April 28",36,4.05,Harvesting,14,+91-196-144-4259
G96,Tina,Mahmood,Rohini,500,https://www.khan.biz/,"2019, July 15",45,2.76,Harvesting,10,+91-298-559-4581
G97,Alison,Kaur,Madras,5000,http://www.james.com/,"2019, November 7",59,3.66,Digging,4,+91-991-251-9573
G98,Jacob,Todd,Kalkaji,2500,https://lewis.biz/,"2019, September 19",31,2.81,Digging,8,+91-977-256-5762
G99,Ashley,Sharp,Lodi Road,4500,http://briggs-woodward.com/,"2019, May 17",19,2.81,Digging,7,+91-078-939-1521
